Feature,Mean_SHAP
K(MPa),1.17681884765625
H(m),0.8808404803276062
Q,0.8676152229309082
D (m),0.5704720616340637
